INSERT INTO coc_cities (
	name,
	country_id
) VALUES
("Kabul", (SELECT country_id FROM coc_countries WHERE country_id = "Afghanistan")),
("Tirana", (SELECT country_id FROM coc_countries WHERE country_id = "Albania")),
("Algiers", (SELECT country_id FROM coc_countries WHERE country_id = "Algeria")),
("Andorra la Vella", (SELECT country_id FROM coc_countries WHERE country_id = "Andorra")),
("Luanda", (SELECT country_id FROM coc_countries WHERE country_id = "Angola")),
("Saint John's", (SELECT country_id FROM coc_countries WHERE country_id = "Antigua and Barbuda")),
("Buenos Aires", (SELECT country_id FROM coc_countries WHERE country_id = "Argentina")),
("Yerevan", (SELECT country_id FROM coc_countries WHERE country_id = "Armenia")),
("Canberra", (SELECT country_id FROM coc_countries WHERE country_id = "Australia")),
("Vienna", (SELECT country_id FROM coc_countries WHERE country_id = "Austria")),
("Baku", (SELECT country_id FROM coc_countries WHERE country_id = "Azerbaijan")),
("Nassau", (SELECT country_id FROM coc_countries WHERE country_id = "Bahamas, The")),
("Manama", (SELECT country_id FROM coc_countries WHERE country_id = "Bahrain")),
("Dhaka", (SELECT country_id FROM coc_countries WHERE country_id = "Bangladesh")),
("Bridgetown", (SELECT country_id FROM coc_countries WHERE country_id = "Barbados")),
("Minsk", (SELECT country_id FROM coc_countries WHERE country_id = "Belarus")),
("Brussels", (SELECT country_id FROM coc_countries WHERE country_id = "Belgium")),
("Belmopan", (SELECT country_id FROM coc_countries WHERE country_id = "Belize")),
("Porto-Novo", (SELECT country_id FROM coc_countries WHERE country_id = "Benin")),
("Thimphu", (SELECT country_id FROM coc_countries WHERE country_id = "Bhutan")),
("La Paz", (SELECT country_id FROM coc_countries WHERE country_id = "Bolivia")),
("Sarajevo", (SELECT country_id FROM coc_countries WHERE country_id = "Bosnia and Herzegovina")),
("Gaborone", (SELECT country_id FROM coc_countries WHERE country_id = "Botswana")),
("Brasilia", (SELECT country_id FROM coc_countries WHERE country_id = "Brazil")),
("Bandar Seri Begawan", (SELECT country_id FROM coc_countries WHERE country_id = "Brunei")),
("Sofia", (SELECT country_id FROM coc_countries WHERE country_id = "Bulgaria")),
("Ouagadougou", (SELECT country_id FROM coc_countries WHERE country_id = "Burkina Faso")),
("Bujumbura", (SELECT country_id FROM coc_countries WHERE country_id = "Burundi")),
("Phnom Penh", (SELECT country_id FROM coc_countries WHERE country_id = "Cambodia")),
("Yaounde", (SELECT country_id FROM coc_countries WHERE country_id = "Cameroon")),
("Ottawa", (SELECT country_id FROM coc_countries WHERE country_id = "Canada")),
("Praia", (SELECT country_id FROM coc_countries WHERE country_id = "Cape Verde")),
("Bangui", (SELECT country_id FROM coc_countries WHERE country_id = "Central African Republic")),
("N'Djamena", (SELECT country_id FROM coc_countries WHERE country_id = "Chad")),
("Santiago", (SELECT country_id FROM coc_countries WHERE country_id = "Chile")),
("Beijing", (SELECT country_id FROM coc_countries WHERE country_id = "China, People's Republic of")),
("Bogota", (SELECT country_id FROM coc_countries WHERE country_id = "Colombia")),
("Moroni", (SELECT country_id FROM coc_countries WHERE country_id = "Comoros")),
("Kinshasa", (SELECT country_id FROM coc_countries WHERE country_id = "Congo, Democratic Republic of the")),
("Brazzaville", (SELECT country_id FROM coc_countries WHERE country_id = "Congo, Republic of the")),
("San Jose", (SELECT country_id FROM coc_countries WHERE country_id = "Costa Rica")),
("Yamoussoukro", (SELECT country_id FROM coc_countries WHERE country_id = "Cote d'Ivoire (Ivory Coast)")),
("Zagreb", (SELECT country_id FROM coc_countries WHERE country_id = "Croatia")),
("Havana", (SELECT country_id FROM coc_countries WHERE country_id = "Cuba")),
("Nicosia", (SELECT country_id FROM coc_countries WHERE country_id = "Cyprus")),
("Prague", (SELECT country_id FROM coc_countries WHERE country_id = "Czech Republic")),
("Copenhagen", (SELECT country_id FROM coc_countries WHERE country_id = "Denmark")),
("Djibouti", (SELECT country_id FROM coc_countries WHERE country_id = "Djibouti")),
("Roseau", (SELECT country_id FROM coc_countries WHERE country_id = "Dominica")),
("Santo Domingo", (SELECT country_id FROM coc_countries WHERE country_id = "Dominican Republic")),
("Quito", (SELECT country_id FROM coc_countries WHERE country_id = "Ecuador")),
("Cairo", (SELECT country_id FROM coc_countries WHERE country_id = "Egypt")),
("San Salvador", (SELECT country_id FROM coc_countries WHERE country_id = "El Salvador")),
("Malabo", (SELECT country_id FROM coc_countries WHERE country_id = "Equatorial Guinea")),
("Asmara", (SELECT country_id FROM coc_countries WHERE country_id = "Eritrea")),
("Tallinn", (SELECT country_id FROM coc_countries WHERE country_id = "Estonia")),
("Addis Ababa", (SELECT country_id FROM coc_countries WHERE country_id = "Ethiopia")),
("Suva", (SELECT country_id FROM coc_countries WHERE country_id = "Fiji")),
("Helsinki", (SELECT country_id FROM coc_countries WHERE country_id = "Finland")),
("Paris", (SELECT country_id FROM coc_countries WHERE country_id = "France")),
("Libreville", (SELECT country_id FROM coc_countries WHERE country_id = "Gabon")),
("Banjul", (SELECT country_id FROM coc_countries WHERE country_id = "Gambia, The")),
("Tbilisi", (SELECT country_id FROM coc_countries WHERE country_id = "Georgia")),
("Berlin", (SELECT country_id FROM coc_countries WHERE country_id = "Germany")),
("Accra", (SELECT country_id FROM coc_countries WHERE country_id = "Ghana")),
("Athens", (SELECT country_id FROM coc_countries WHERE country_id = "Greece")),
("Saint George's", (SELECT country_id FROM coc_countries WHERE country_id = "Grenada")),
("Guatemala", (SELECT country_id FROM coc_countries WHERE country_id = "Guatemala")),
("Conakry", (SELECT country_id FROM coc_countries WHERE country_id = "Guinea")),
("Bissau", (SELECT country_id FROM coc_countries WHERE country_id = "Guinea-Bissau")),
("Georgetown", (SELECT country_id FROM coc_countries WHERE country_id = "Guyana")),
("Port-au-Prince", (SELECT country_id FROM coc_countries WHERE country_id = "Haiti")),
("Tegucigalpa", (SELECT country_id FROM coc_countries WHERE country_id = "Honduras")),
("Budapest", (SELECT country_id FROM coc_countries WHERE country_id = "Hungary")),
("Reykjavik", (SELECT country_id FROM coc_countries WHERE country_id = "Iceland")),
("New Delhi", (SELECT country_id FROM coc_countries WHERE country_id = "India")),
("Jakarta", (SELECT country_id FROM coc_countries WHERE country_id = "Indonesia")),
("Tehran", (SELECT country_id FROM coc_countries WHERE country_id = "Iran")),
("Baghdad", (SELECT country_id FROM coc_countries WHERE country_id = "Iraq")),
("Dublin", (SELECT country_id FROM coc_countries WHERE country_id = "Ireland")),
("Jerusalem", (SELECT country_id FROM coc_countries WHERE country_id = "Israel")),
("Rome", (SELECT country_id FROM coc_countries WHERE country_id = "Italy")),
("Kingston", (SELECT country_id FROM coc_countries WHERE country_id = "Jamaica")),
("Tokyo", (SELECT country_id FROM coc_countries WHERE country_id = "Japan")),
("Amman", (SELECT country_id FROM coc_countries WHERE country_id = "Jordan")),
("Astana", (SELECT country_id FROM coc_countries WHERE country_id = "Kazakhstan")),
("Nairobi", (SELECT country_id FROM coc_countries WHERE country_id = "Kenya")),
("Tarawa", (SELECT country_id FROM coc_countries WHERE country_id = "Kiribati")),
("Pyongyang", (SELECT country_id FROM coc_countries WHERE country_id = "Korea, Democratic People's Republic of (North Korea)")),
("Seoul", (SELECT country_id FROM coc_countries WHERE country_id = "Korea, Republic of  (South Korea)")),
("Kuwait", (SELECT country_id FROM coc_countries WHERE country_id = "Kuwait")),
("Bishkek", (SELECT country_id FROM coc_countries WHERE country_id = "Kyrgyzstan")),
("Vientiane", (SELECT country_id FROM coc_countries WHERE country_id = "Laos")),
("Riga", (SELECT country_id FROM coc_countries WHERE country_id = "Latvia")),
("Beirut", (SELECT country_id FROM coc_countries WHERE country_id = "Lebanon")),
("Maseru", (SELECT country_id FROM coc_countries WHERE country_id = "Lesotho")),
("Monrovia", (SELECT country_id FROM coc_countries WHERE country_id = "Liberia")),
("Tripoli", (SELECT country_id FROM coc_countries WHERE country_id = "Libya")),
("Vaduz", (SELECT country_id FROM coc_countries WHERE country_id = "Liechtenstein")),
("Vilnius", (SELECT country_id FROM coc_countries WHERE country_id = "Lithuania")),
("Luxembourg", (SELECT country_id FROM coc_countries WHERE country_id = "Luxembourg")),
("Skopje", (SELECT country_id FROM coc_countries WHERE country_id = "Macedonia")),
("Antananarivo", (SELECT country_id FROM coc_countries WHERE country_id = "Madagascar")),
("Lilongwe", (SELECT country_id FROM coc_countries WHERE country_id = "Malawi")),
("Kuala Lumpur", (SELECT country_id FROM coc_countries WHERE country_id = "Malaysia")),
("Male", (SELECT country_id FROM coc_countries WHERE country_id = "Maldives")),
("Bamako", (SELECT country_id FROM coc_countries WHERE country_id = "Mali")),
("Valletta", (SELECT country_id FROM coc_countries WHERE country_id = "Malta")),
("Majuro", (SELECT country_id FROM coc_countries WHERE country_id = "Marshall Islands")),
("Nouakchott", (SELECT country_id FROM coc_countries WHERE country_id = "Mauritania")),
("Port Louis", (SELECT country_id FROM coc_countries WHERE country_id = "Mauritius")),
("Mexico", (SELECT country_id FROM coc_countries WHERE country_id = "Mexico")),
("Palikir", (SELECT country_id FROM coc_countries WHERE country_id = "Micronesia")),
("Chisinau", (SELECT country_id FROM coc_countries WHERE country_id = "Moldova")),
("Monaco", (SELECT country_id FROM coc_countries WHERE country_id = "Monaco")),
("Ulaanbaatar", (SELECT country_id FROM coc_countries WHERE country_id = "Mongolia")),
("Podgorica", (SELECT country_id FROM coc_countries WHERE country_id = "Montenegro")),
("Rabat", (SELECT country_id FROM coc_countries WHERE country_id = "Morocco")),
("Maputo", (SELECT country_id FROM coc_countries WHERE country_id = "Mozambique")),
("Naypyidaw", (SELECT country_id FROM coc_countries WHERE country_id = "Myanmar (Burma)")),
("Windhoek", (SELECT country_id FROM coc_countries WHERE country_id = "Namibia")),
("Yaren", (SELECT country_id FROM coc_countries WHERE country_id = "Nauru")),
("Kathmandu", (SELECT country_id FROM coc_countries WHERE country_id = "Nepal")),
("Amsterdam", (SELECT country_id FROM coc_countries WHERE country_id = "Netherlands")),
("Wellington", (SELECT country_id FROM coc_countries WHERE country_id = "New Zealand")),
("Managua", (SELECT country_id FROM coc_countries WHERE country_id = "Nicaragua")),
("Niamey", (SELECT country_id FROM coc_countries WHERE country_id = "Niger")),
("Abuja", (SELECT country_id FROM coc_countries WHERE country_id = "Nigeria")),
("Oslo", (SELECT country_id FROM coc_countries WHERE country_id = "Norway")),
("Muscat", (SELECT country_id FROM coc_countries WHERE country_id = "Oman")),
("Islamabad", (SELECT country_id FROM coc_countries WHERE country_id = "Pakistan")),
("Melekeok", (SELECT country_id FROM coc_countries WHERE country_id = "Palau")),
("Panama", (SELECT country_id FROM coc_countries WHERE country_id = "Panama")),
("Port Moresby", (SELECT country_id FROM coc_countries WHERE country_id = "Papua New Guinea")),
("Asuncion", (SELECT country_id FROM coc_countries WHERE country_id = "Paraguay")),
("Lima", (SELECT country_id FROM coc_countries WHERE country_id = "Peru")),
("Manila", (SELECT country_id FROM coc_countries WHERE country_id = "Philippines")),
("Warsaw", (SELECT country_id FROM coc_countries WHERE country_id = "Poland")),
("Lisbon", (SELECT country_id FROM coc_countries WHERE country_id = "Portugal")),
("Doha", (SELECT country_id FROM coc_countries WHERE country_id = "Qatar")),
("Bucharest", (SELECT country_id FROM coc_countries WHERE country_id = "Romania")),
("Moscow", (SELECT country_id FROM coc_countries WHERE country_id = "Russia")),
("Kigali", (SELECT country_id FROM coc_countries WHERE country_id = "Rwanda")),
("Basseterre", (SELECT country_id FROM coc_countries WHERE country_id = "Saint Kitts and Nevis")),
("Castries", (SELECT country_id FROM coc_countries WHERE country_id = "Saint Lucia")),
("Kingstown", (SELECT country_id FROM coc_countries WHERE country_id = "Saint Vincent and the Grenadines")),
("Apia", (SELECT country_id FROM coc_countries WHERE country_id = "Samoa")),
("San Marino", (SELECT country_id FROM coc_countries WHERE country_id = "San Marino")),
("Sao Tome", (SELECT country_id FROM coc_countries WHERE country_id = "Sao Tome and Principe")),
("Riyadh", (SELECT country_id FROM coc_countries WHERE country_id = "Saudi Arabia")),
("Dakar", (SELECT country_id FROM coc_countries WHERE country_id = "Senegal")),
("Belgrade", (SELECT country_id FROM coc_countries WHERE country_id = "Serbia")),
("Victoria", (SELECT country_id FROM coc_countries WHERE country_id = "Seychelles")),
("Freetown", (SELECT country_id FROM coc_countries WHERE country_id = "Sierra Leone")),
("Singapore", (SELECT country_id FROM coc_countries WHERE country_id = "Singapore")),
("Bratislava", (SELECT country_id FROM coc_countries WHERE country_id = "Slovakia")),
("Ljubljana", (SELECT country_id FROM coc_countries WHERE country_id = "Slovenia")),
("Honiara", (SELECT country_id FROM coc_countries WHERE country_id = "Solomon Islands")),
("Mogadishu", (SELECT country_id FROM coc_countries WHERE country_id = "Somalia")),
("Pretoria", (SELECT country_id FROM coc_countries WHERE country_id = "South Africa")),
("Madrid", (SELECT country_id FROM coc_countries WHERE country_id = "Spain")),
("Colombo", (SELECT country_id FROM coc_countries WHERE country_id = "Sri Lanka")),
("Khartoum", (SELECT country_id FROM coc_countries WHERE country_id = "Sudan")),
("Paramaribo", (SELECT country_id FROM coc_countries WHERE country_id = "Suriname")),
("Mbabane", (SELECT country_id FROM coc_countries WHERE country_id = "Swaziland")),
("Stockholm", (SELECT country_id FROM coc_countries WHERE country_id = "Sweden")),
("Bern", (SELECT country_id FROM coc_countries WHERE country_id = "Switzerland")),
("Damascus", (SELECT country_id FROM coc_countries WHERE country_id = "Syria")),
("Dushanbe", (SELECT country_id FROM coc_countries WHERE country_id = "Tajikistan")),
("Dar es Salaam", (SELECT country_id FROM coc_countries WHERE country_id = "Tanzania")),
("Bangkok", (SELECT country_id FROM coc_countries WHERE country_id = "Thailand")),
("Dili", (SELECT country_id FROM coc_countries WHERE country_id = "Timor-Leste (East Timor)")),
("Lome", (SELECT country_id FROM coc_countries WHERE country_id = "Togo")),
("Nuku'alofa", (SELECT country_id FROM coc_countries WHERE country_id = "Tonga")),
("Port-of-Spain", (SELECT country_id FROM coc_countries WHERE country_id = "Trinidad and Tobago")),
("Tunis", (SELECT country_id FROM coc_countries WHERE country_id = "Tunisia")),
("Ankara", (SELECT country_id FROM coc_countries WHERE country_id = "Turkey")),
("Ashgabat", (SELECT country_id FROM coc_countries WHERE country_id = "Turkmenistan")),
("Funafuti", (SELECT country_id FROM coc_countries WHERE country_id = "Tuvalu")),
("Kampala", (SELECT country_id FROM coc_countries WHERE country_id = "Uganda")),
("Kiev", (SELECT country_id FROM coc_countries WHERE country_id = "Ukraine")),
("Abu Dhabi", (SELECT country_id FROM coc_countries WHERE country_id = "United Arab Emirates")),
("London", (SELECT country_id FROM coc_countries WHERE country_id = "United Kingdom")),
("Washington", (SELECT country_id FROM coc_countries WHERE country_id = "United States")),
("Montevideo", (SELECT country_id FROM coc_countries WHERE country_id = "Uruguay")),
("Tashkent", (SELECT country_id FROM coc_countries WHERE country_id = "Uzbekistan")),
("Port-Vila", (SELECT country_id FROM coc_countries WHERE country_id = "Vanuatu")),
("Vatican City", (SELECT country_id FROM coc_countries WHERE country_id = "Vatican City")),
("Caracas", (SELECT country_id FROM coc_countries WHERE country_id = "Venezuela")),
("Hanoi", (SELECT country_id FROM coc_countries WHERE country_id = "Vietnam")),
("Sanaa", (SELECT country_id FROM coc_countries WHERE country_id = "Yemen")),
("Lusaka", (SELECT country_id FROM coc_countries WHERE country_id = "Zambia")),
("Harare", (SELECT country_id FROM coc_countries WHERE country_id = "Zimbabwe")),
("Sokhumi", (SELECT country_id FROM coc_countries WHERE country_id = "Abkhazia")),
("Taipei", (SELECT country_id FROM coc_countries WHERE country_id = "China, Republic of (Taiwan)")),
("Stepanakert", (SELECT country_id FROM coc_countries WHERE country_id = "Nagorno-Karabakh")),
("Nicosia", (SELECT country_id FROM coc_countries WHERE country_id = "Northern Cyprus")),
("Tiraspol", (SELECT country_id FROM coc_countries WHERE country_id = "Pridnestrovie (Transnistria)")),
("Hargeisa", (SELECT country_id FROM coc_countries WHERE country_id = "Somaliland")),
("Tskhinvali", (SELECT country_id FROM coc_countries WHERE country_id = "South Ossetia")),
("The Settlement", (SELECT country_id FROM coc_countries WHERE country_id = "Christmas Island")),
("West Island", (SELECT country_id FROM coc_countries WHERE country_id = "Cocos (Keeling) Islands")),
("Kingston", (SELECT country_id FROM coc_countries WHERE country_id = "Norfolk Island")),
("Noumea", (SELECT country_id FROM coc_countries WHERE country_id = "New Caledonia")),
("Papeete", (SELECT country_id FROM coc_countries WHERE country_id = "French Polynesia")),
("Mamoudzou", (SELECT country_id FROM coc_countries WHERE country_id = "Mayotte")),
("Gustavia", (SELECT country_id FROM coc_countries WHERE country_id = "Saint Barthelemy")),
("Marigot", (SELECT country_id FROM coc_countries WHERE country_id = "Saint Martin")),
("Saint-Pierre", (SELECT country_id FROM coc_countries WHERE country_id = "Saint Pierre and Miquelon")),
("Mata'utu", (SELECT country_id FROM coc_countries WHERE country_id = "Wallis and Futuna")),
("Martin-de-Viviès", (SELECT country_id FROM coc_countries WHERE country_id = "French Southern and Antarctic Lands")),
("Avarua", (SELECT country_id FROM coc_countries WHERE country_id = "Cook Islands")),
("Alofi", (SELECT country_id FROM coc_countries WHERE country_id = "Niue")),
("Saint Peter Port", (SELECT country_id FROM coc_countries WHERE country_id = "Guernsey")),
("Douglas", (SELECT country_id FROM coc_countries WHERE country_id = "Isle of Man")),
("Saint Helier", (SELECT country_id FROM coc_countries WHERE country_id = "Jersey")),
("The Valley", (SELECT country_id FROM coc_countries WHERE country_id = "Anguilla")),
("Hamilton", (SELECT country_id FROM coc_countries WHERE country_id = "Bermuda")),
("Episkopi", (SELECT country_id FROM coc_countries WHERE country_id = "British Sovereign Base Areas")),
("Road Town", (SELECT country_id FROM coc_countries WHERE country_id = "British Virgin Islands")),
("George Town", (SELECT country_id FROM coc_countries WHERE country_id = "Cayman Islands")),
("Stanley", (SELECT country_id FROM coc_countries WHERE country_id = "Falkland Islands (Islas Malvinas)")),
("Gibraltar", (SELECT country_id FROM coc_countries WHERE country_id = "Gibraltar")),
("Plymouth", (SELECT country_id FROM coc_countries WHERE country_id = "Montserrat")),
("Adamstown", (SELECT country_id FROM coc_countries WHERE country_id = "Pitcairn Islands")),
("Jamestown", (SELECT country_id FROM coc_countries WHERE country_id = "Saint Helena")),
("Grand Turk", (SELECT country_id FROM coc_countries WHERE country_id = "Turks and Caicos Islands")),
("Saipan", (SELECT country_id FROM coc_countries WHERE country_id = "Northern Mariana Islands")),
("San Juan", (SELECT country_id FROM coc_countries WHERE country_id = "Puerto Rico")),
("Pago Pago", (SELECT country_id FROM coc_countries WHERE country_id = "American Samoa")),
("Hagatna", (SELECT country_id FROM coc_countries WHERE country_id = "Guam")),
("Charlotte Amalie", (SELECT country_id FROM coc_countries WHERE country_id = "U.S. Virgin Islands")),
("Macau", (SELECT country_id FROM coc_countries WHERE country_id = "Macau")),
("Torshavn", (SELECT country_id FROM coc_countries WHERE country_id = "Faroe Islands")),
("Nuuk (Godthab)", (SELECT country_id FROM coc_countries WHERE country_id = "Greenland")),
("Cayenne", (SELECT country_id FROM coc_countries WHERE country_id = "French Guiana")),
("Basse-Terre", (SELECT country_id FROM coc_countries WHERE country_id = "Guadeloupe")),
("Fort-de-France", (SELECT country_id FROM coc_countries WHERE country_id = "Martinique")),
("Saint-Denis", (SELECT country_id FROM coc_countries WHERE country_id = "Reunion")),
("Mariehamn", (SELECT country_id FROM coc_countries WHERE country_id = "Aland")),
("Oranjestad", (SELECT country_id FROM coc_countries WHERE country_id = "Aruba")),
("Willemstad", (SELECT country_id FROM coc_countries WHERE country_id = "Netherlands Antilles")),
("Longyearbyen", (SELECT country_id FROM coc_countries WHERE country_id = "Svalbard")),
("Georgetown", (SELECT country_id FROM coc_countries WHERE country_id = "Ascension")),
("Edinburgh", (SELECT country_id FROM coc_countries WHERE country_id = "Tristan da Cunha")),
("Pristina", (SELECT country_id FROM coc_countries WHERE country_id = "Kosovo")),
("Gaza City", (SELECT country_id FROM coc_countries WHERE country_id = "Palestinian Territories (Gaza Strip and West Bank)")),
("El-Aaiun", (SELECT country_id FROM coc_countries WHERE country_id = "Western Sahara"));